instance,best,avg. fitness, std fitness,best,avg. fitness, std fitness,best,avg. fitness, std fitness,best,avg. fitness, std fitness,best,avg. fitness, std fitness
F1,8.800426805079617e-21,0.0,0.0,9842.118282570696,14757.75,4074.228,39061.33138135608,44254.757,3699.092,58813.99753363535,67100.001,11300.428,7.669439535059986e-159,20698.483,21078.051